{
  "project_info": {
    "project_number": "736414810037",
    "firebase_url": "https://segproj.firebaseio.com",
    "project_id": "segproj",
    "storage_bucket": "segproj.appspot.com"
  },
  "client": [
    {
      "client_info": {
        "mobilesdk_app_id": "1:736414810037:android:eb7865dbccc248e5",
        "android_client_info": {
          "package_name": "com.uottawa.mitchell.project"
        }
      },
      "oauth_client": [
        {
          "client_id": "736414810037-a6b55igvj49bh611u7jke2e0fsn4vsi4.apps.googleusercontent.com",
          "client_type": 1,
          "android_info": {
            "package_name": "com.uottawa.mitchell.project",
            "certificate_hash": "e2ebf6c29ec13b1a0a83a6012b96b32d545c00bf"
          }
        },
        {
          "client_id": "736414810037-b8usv27t6itavglpfi63fra3sprpeahi.apps.googleusercontent.com",
          "client_type": 3
        }
      ],
      "api_key": [
        {
          "current_key": "AIzaSyAWuFfYbARzAejojGmdo6kWtvzqKqFPoCI"
        }
      ],
      "services": {
        "analytics_service": {
          "status": 1
        },
        "appinvite_service": {
          "status": 2,
          "other_platform_oauth_client": [
            {
              "client_id": "736414810037-b8usv27t6itavglpfi63fra3sprpeahi.apps.googleusercontent.com",
              "client_type": 3
            }
          ]
        },
        "ads_service": {
          "status": 2
        }
      }
    }
  ],
  "configuration_version": "1"
}